image_id,5_o_Clock_Shadow,Arched_Eyebrows,Attractive,Bags_Under_Eyes,Bald,Bangs,Big_Lips,Big_Nose,Black_Hair,Blond_Hair,Blurry,Brown_Hair,Bushy_Eyebrows,Chubby,Double_Chin,Eyeglasses,Goatee,Gray_Hair,Heavy_Makeup,High_Cheekbones,Male,Mouth_Slightly_Open,Mustache,Narrow_Eyes,No_Beard,Oval_Face,Pale_Skin,Pointy_Nose,Receding_Hairline,Rosy_Cheeks,Sideburns,Smiling,Straight_Hair,Wavy_Hair,Wearing_Earrings,Wearing_Hat,Wearing_Lipstick,Wearing_Necklace,Wearing_Necktie,Young,image_path,inspect_layer0,inspect_layer1,inspect_layer2,inspect_layer3,inspect_layer4,inspect_layer5,inspect_layer6,inspect_layer7,inspect_layer8,inspect_layer9,inspect_layer10,inspect_layer11,inspect_layer12,inspect_layer13,inspect_layer14,inspect_layer15,inspect_layer16,inspect_layer17,inspect_layer18,inspect_layer19,inspect_layer20,inspect_layer21,inspect_layer22,inspect_layer23,inspect_layer24,inspect_layer25,inspect_layer26,inspect_layer27,inspect_layer28,inspect_layer29,inspect_layer30,inspect_layer31
000001.jpg,False,True,True,False,False,False,False,False,False,False,False,True,False,False,False,False,False,False,True,True,False,True,False,False,True,False,False,True,False,False,False,True,True,False,True,False,True,False,False,True,/users/aparasel/scratch/temp_data/img_align_celeba/000001.jpg,"

“Person” is a noun that refers to an adult human being. It is often used to describe someone who is alive and has a physical body. The word “person” can also be used more generally to refer to any human being, regardless of age or physical condition.</s>","

“I’m a person who is interested in learning about the world and its various cultures. I believe that education is important and that everyone should have access to it. I also think that it’s important to be open-minded and respectful of different perspectives and beliefs. I enjoy reading and writing, and I find it fascinating how language can connect people.","

You mentioned that you are a person who is interested in learning about different topics, including science, technology, and philosophy. You also mentioned that you enjoy reading books and listening to podcasts as a way to expand your knowledge and understanding of these subjects. Additionally, you mentioned that you are interested in the concept of consciousness and the nature of reality. Is there anything specific you would like to know","

You mentioned that you are a person who is interested in learning about different topics, including science, technology, and philosophy. You also mentioned that you enjoy reading books and listening to podcasts as a way to expand your knowledge and understanding of these subjects. Additionally, you mentioned that you are interested in the concept of consciousness and the nature of reality. Is there anything specific you would like to know","

You mentioned that you are a person who is interested in learning about different topics, including science, technology, and philosophy. You also mentioned that you enjoy reading books and listening to podcasts as a way to expand your knowledge and understanding of these subjects. Additionally, you mentioned that you are interested in the concept of consciousness and the nature of reality. Is there anything specific you would like to know","

You mentioned that you are a person who is interested in learning about different topics, including technology, science, and philosophy. You also mentioned that you enjoy reading books and listening to podcasts as a way to expand your knowledge and understanding of these subjects. Additionally, you mentioned that you are interested in the concept of consciousness and the nature of reality. Is there anything specific you would like to know","

You’ve asked me to describe a person who is very confident and has a strong sense of self-worth. This person is likely to be successful in their personal and professional life, as they have a positive attitude and are not afraid to take risks. They are also likely to be well-educated and have a strong work ethic. Additionally, they may have a strong sense of","

You mentioned that you are a person who is interested in technology and how it can be used to improve people’s lives. You also mentioned that you are interested in the intersection of technology and health, specifically in the area of mental health. You are looking for ways to use technology to help people manage their mental health and well-being. Is that correct?</s>","

You mentioned that you are a person who is interested in technology and how it can be used to improve people’s lives. You also mentioned that you are interested in the intersection of technology and health, specifically in the area of mental health. You are looking for ways to use technology to help people with mental health issues, and you are interested in learning more about this topic.

Is there anything","

You’ve asked me to describe a person, and you’ve provided a name. However, you’ve asked me to keep the name confidential. The person you’ve described is a woman who is currently in a relationship. She is described as being very pretty and having a great sense of humor. She is also described as being very intelligent and having a strong personality.
","

You’ve shared a photo of a person, and you’d like me to describe them. However, you’ve also asked me to be discreet and not reveal any personal information about the individual.

From the photo, I can see that the person is wearing a dark-colored shirt and has short hair. They appear to be standing in front of a","

You’ve shared a photo of a person, and you’d like me to describe them. However, you’ve also asked me to be discreet and not reveal any personal information about the individual.

From the photo, I can see that the person is wearing a dark-colored shirt and has short hair. They appear to be standing in front of a","

You’ve asked me to describe a person, and you’ve provided a photo of a person. However, you’ve asked me to describe the person in a way that doesn’t reveal their identity.

Based on the photo, the person appears to be a young adult with short hair. They are wearing a dark-colored top and light-colored p","

You’ve asked me to describe a person, and you’ve provided a description of a person who is wearing a black shirt. However, you’ve also mentioned that the person is not wearing a black shirt.

It seems there might be some confusion or contradiction in your message. If you could please clarify or provide more information, I’d be happy to help","

You’ve shared a photo of a person, and you’d like me to describe what I see. The person appears to be a young adult with short hair, wearing a dark-colored shirt. They are standing in front of a building with a large window. The building has a modern design, and the window is reflective, possibly made of glass. There are no visible","

“I’m a person who is interested in technology and I’m looking for a way to learn more about it. I’m not sure where to start, but I’m open to suggestions. Can you help me out? Thanks.”</s>","

“I am a person who is interested in learning about the world and its various cultures. I believe that education is important and that everyone should have access to it. I also believe that it is important to be open-minded and respectful of different perspectives and beliefs. I enjoy reading and writing, and I find it to be a great way to explore new ideas and pers","

“I’m a person who is interested in technology and I’m looking for a way to learn more about it. I’m not sure where to start, but I’m open to suggestions. Can you help me out? Thanks.”</s>","

“I am a person who is interested in learning about the world and its various cultures. I believe that education is important and that everyone should have access to it. I also believe that it is important to be open-minded and respectful of others, regardless of their beliefs or backgrounds. I enjoy reading and writing, and I find it to be a great way to explore new","

You asked me to describe a person who is not present in the image. You want me to describe a person who is not visible in the image. Is that correct?</s>","

You asked me to describe a person who is not present in the image. You want me to describe a person who is not in the image. Is that correct?</s>","

You asked me to describe a person who is not present in the image. You want me to describe a person who is not in the image. Is that correct?</s>","

You asked me to summarize the message you sent me. Is that correct?</s>","

You asked me to summarize the message you sent me. Is that correct?</s>","

You wrote:

“I’m just a simple man who enjoys the finer things in life, like a good cup of coffee and a comfortable chair. I don’t need much, just enough to get by. But sometimes, I feel like I’m missing out on something. Like there’s something more out there, something that I’m not experiencing. Maybe","

You wrote:

“I’m just a simple man who enjoys the finer things in life, like a good cup of coffee and a comfortable chair. I don’t need much, just enough to get by. But sometimes, I feel like I’m missing out on something. Like there’s something more out there, something that I’m not experiencing. Maybe","

You wrote:

“I’m sorry, I didn’t understand your question. Could you please rephrase it or provide more context? I’m here to help if I can.”

Is that correct?</s>","

You wrote:

“I’m sorry, I didn’t understand your question. Could you please rephrase it or provide more context? I’m here to help if I can.”

Is that correct?</s>","

You wrote:

“I’m sorry, I didn’t understand your question. Could you please rephrase it or provide more context? I’m here to help if I can.”

Is that correct?</s>","

You wrote:

“I’m sorry, I didn’t understand your question. Could you please rephrase it or provide more context? I’m here to help if I can.”

Is there anything else I can assist you with?</s>","

You wrote:

“I’m sorry, I didn’t understand your question. Could you please rephrase it or provide more context? I’m here to help if I can.”

I’m here to help if I can.</s>","

You wrote:

“I’m sorry, I didn’t understand your message. Could you please rephrase it or provide more context? I’m here to help if I can.”</s>"
000002.jpg,False,False,False,True,False,False,False,True,False,False,False,True,False,False,False,False,False,False,False,True,False,True,False,False,True,False,False,False,False,False,False,True,False,False,False,False,False,False,False,True,/users/aparasel/scratch/temp_data/img_align_celeba/000002.jpg,"

“Person” is a noun that refers to an adult human being. It is often used to describe someone who is alive and has a physical body. The word “person” can also be used more generally to refer to any human being, regardless of age or physical condition.

Is there anything else you would like to know about the word “person”?</s>","

You mentioned that you are a person who is interested in learning about different topics, including science, technology, and philosophy. You also mentioned that you enjoy reading books and listening to podcasts as a way to expand your knowledge and understanding of these subjects. Additionally, you mentioned that you are interested in the concept of consciousness and the nature of reality. Is there anything specific you would like to know","

You mentioned that you are a person who is interested in learning about different topics, including science, technology, and philosophy. You also mentioned that you enjoy reading books and listening to podcasts as a way to expand your knowledge and understanding of these subjects. Additionally, you mentioned that you are interested in the concept of consciousness and the nature of reality. Is there anything specific you would like to know","

You mentioned that you are a person who is interested in learning about different topics, including science, technology, and philosophy. You also mentioned that you enjoy reading books and listening to podcasts as a way to expand your knowledge and understanding of these subjects. Additionally, you mentioned that you are interested in the concept of consciousness and the nature of reality. Is there anything specific you would like to know","

You mentioned that you are a person who is interested in learning about different topics, including science, technology, and philosophy. You also mentioned that you enjoy reading books and listening to podcasts as a way to expand your knowledge and understanding of these subjects. Additionally, you mentioned that you are interested in the concept of consciousness and the nature of reality. Is there anything specific you would like to know","

You mentioned that you are a person who is interested in learning about different topics, including technology, science, and philosophy. You also mentioned that you enjoy reading books and listening to podcasts as a way to expand your knowledge and understanding of these subjects. Additionally, you mentioned that you are interested in the concept of consciousness and the nature of reality. Is there anything specific you would like to know","

You mentioned that you are a person who is interested in learning about different topics, including technology, science, and philosophy. You also mentioned that you enjoy reading books and listening to podcasts as a way to expand your knowledge and understanding of these subjects. Additionally, you mentioned that you are interested in the concept of consciousness and the nature of reality. Is there anything specific you would like to know","

You mentioned that you are a person who is interested in technology and how it can be used to improve people’s lives. You also mentioned that you are interested in the intersection of technology and health, specifically in the use of technology to improve health outcomes. You are looking for ways to use technology to make a positive impact on people’s lives, and you are open to exploring different ideas","

You mentioned that you are a person who is interested in technology and how it can be used to improve people’s lives. You also mentioned that you are interested in the intersection of technology and health, specifically in the area of mental health. You are looking for ways to use technology to help people with mental health issues, and you are interested in learning more about this topic.

Is there anything","

You’ve asked me to describe a person, but you’ve only provided a single sentence. In that sentence, you mentioned that the person is a woman who is wearing a black shirt. However, you did not provide any other details about her appearance, personality, or any other characteristics.

If you have any additional information or context about the person you’d like me","

You’ve asked me to describe a person, but you’ve only provided a single sentence. In that sentence, you’ve mentioned that the person is a woman, but you haven’t provided any other details about her appearance, personality, or any other characteristics.

If you have any additional information or context about the person you’d like me to describe, please let me","

You’ve asked me to describe a person, but you’ve only provided a single sentence about them. The sentence is:

“The person is a woman who is wearing a black shirt.”

Based on this sentence, I can tell you that the person is a woman, but I don’t have any other information about her. If you have any other details","

You’ve asked me to describe a person, and you’ve provided a description of a person who is wearing a black shirt. However, you’ve also mentioned that the person is not wearing a black shirt.

It seems there might be some confusion or contradiction in your message. If you could please clarify or provide more information, I’d be happy to help","

You’ve asked me to describe a person, and you’ve provided a description of a person who is wearing a black shirt. However, you’ve also mentioned that the person is not wearing a black shirt.

It seems there might be some confusion or contradiction in your message. If you could please clarify or provide more information, I’d be happy to help","

You’ve shared a photo of a person, and you’d like me to describe what I see. The person appears to be a young adult with short hair, wearing a dark-colored shirt. They are standing in front of a building with a large window. The building has a modern design, and the window is reflective, possibly made of glass. There are no visible","

You’ve shared a photo of a person who appears to be a young adult male. He has short hair and is wearing a dark-colored shirt. There’s not much context provided, so I’m not sure what the purpose of sharing this photo is. If you have any specific questions or topics you’d like to discuss regarding the photo, feel free to ask!","

You’ve asked me to describe a person who is likely to be a good leader. Here’s my response:

A good leader is someone who is able to inspire and motivate others to achieve a common goal. They should have strong communication skills, be able to delegate tasks effectively, and be able to make tough decisions when necessary. Additionally, a good leader should be","

You asked me to describe a person who is not present in the image. You want me to describe a person who is not in the image. Is that correct?</s>","

“I’m a person who is interested in technology and I’m looking for a way to learn more about it. I’m not sure where to start, but I’m open to suggestions. Can you help me out? Thanks.”</s>","

You asked me to describe a person who is not present in the image. You want me to describe a person who is not visible in the image. Is that correct?</s>","

You asked me to describe a person who is not present in the image. You want me to describe a person who is not in the image. Is that correct?</s>","

You asked me to summarize the message of the person who sent the message. The message was too long to summarize here, so I’ll provide a summary of the summary:

The person who sent the message wanted me to summarize a long message for them. However, the message was too long to summarize in this chat, so I’ll just say that the person asked","

You asked me to summarize the message you sent me. Is that correct?</s>","

You asked if it’s possible to use a language model like GPT-3 to generate code and if there are any open-source tools or platforms to do this. I replied that while it is possible to use a language model to generate code, it is still a challenging task and requires a lot of fine-tuning and testing. I also mentioned that there are some open-source","

You wrote:

“I’m just a simple man who enjoys the finer things in life, like a good cup of coffee and a comfortable chair. I don’t need much, just enough to get by. But sometimes, I feel like I’m missing out on something. Like there’s something more out there, something that I’m not experiencing. Maybe","

You wrote:

“I’m just a simple man who enjoys the finer things in life, like a good cup of coffee and a comfortable chair. I don’t need much, just enough to get by. But sometimes, I feel like I’m missing out on something. Like there’s something more out there, something that I’m not experiencing. Maybe","

You wrote:

“I’m sorry, I didn’t understand your question. Could you please rephrase it or provide more context? I’m here to help if I can.”

Is that correct?</s>","

You wrote:

“I’m sorry, I didn’t understand your question. Could you please rephrase it or provide more context? I’m here to help if I can.”

Is there anything else I can assist you with?</s>","

You wrote:

“I’m sorry, I didn’t understand your question. Could you please rephrase it or provide more context? I’m here to help if I can.”

Is that correct?</s>","

You wrote:

“I’m sorry, I didn’t understand your question. Could you please rephrase it or provide more context? I’m here to help if I can.”

Is there anything else I can assist you with?</s>","

You wrote:

“I’m sorry, I didn’t understand your question. Could you please rephrase it or provide more context? I’m here to help if I can.”

I’m here to help if I can.</s>","

You wrote:

“I’m sorry, I didn’t understand your message. Could you please rephrase it or provide more context? I’m here to help if I can.”</s>"
000003.jpg,False,False,False,False,False,False,True,False,False,False,True,False,False,False,False,False,False,False,False,False,True,False,False,True,True,False,False,True,False,False,False,False,False,True,False,False,False,False,False,True,/users/aparasel/scratch/temp_data/img_align_celeba/000003.jpg,"

“Person” is a noun that refers to an adult human being. It is often used to describe someone who is alive and has a physical body. The word “person” can also be used more generally to refer to any human being, regardless of age or physical condition.

Is there anything else you would like to know about the word “person”?</s>","

You mentioned that you are a person who is interested in learning about different topics, including science, technology, and philosophy. You also mentioned that you enjoy reading books and listening to podcasts as a way to expand your knowledge and understanding of these subjects. Additionally, you mentioned that you are interested in the concept of consciousness and the nature of reality. Is there anything specific you would like to know","

You mentioned that you are a person who is interested in learning about different topics, including science, technology, and philosophy. You also mentioned that you enjoy reading books and listening to podcasts as a way to expand your knowledge and understanding of these subjects. Additionally, you mentioned that you are interested in the concept of consciousness and the nature of reality. Is there anything specific you would like to know","

You mentioned that you are a person who is interested in learning about different topics, including science, technology, and philosophy. You also mentioned that you enjoy reading books and listening to podcasts as a way to expand your knowledge and understanding of these subjects. Additionally, you mentioned that you are interested in the concept of consciousness and the nature of reality. Is there anything specific you would like to know","

You mentioned that you are a person who is interested in learning about different topics, including science, technology, and philosophy. You also mentioned that you enjoy reading books and listening to podcasts as a way to expand your knowledge and understanding of these subjects. Additionally, you mentioned that you are interested in the concept of consciousness and the nature of reality. Is there anything specific you would like to know","

You mentioned that you are a person who is interested in learning about different topics, including science, technology, and philosophy. You also mentioned that you enjoy reading books and listening to podcasts as a way to expand your knowledge and understanding of these subjects. Additionally, you mentioned that you are interested in the concept of consciousness and the nature of reality. Is there anything specific you would like to know","

You mentioned that you are a person who is interested in learning about different topics, including technology, science, and philosophy. You also mentioned that you enjoy reading books and listening to podcasts as a way to expand your knowledge and understanding of these subjects. Additionally, you mentioned that you are interested in the concept of consciousness and the nature of reality. Is there anything specific you would like to know","

You mentioned that you are a person who is interested in technology and how it can be used to improve people’s lives. You also mentioned that you are interested in the intersection of technology and health, specifically in the area of mental health. You are looking for ways to use technology to help people manage their mental health and well-being. Is that correct?</s>","

You mentioned that you are a person who is interested in technology and how it can be used to improve people’s lives. You also mentioned that you are interested in the intersection of technology and health, specifically in the area of mental health. You are looking for ways to use technology to help people with mental health issues, and you are interested in learning more about this topic.

Is there anything","

You asked me to describe a person who is very confident and has a strong sense of self-worth. This person is likely to be successful in their personal and professional life, as they have a positive attitude and are not afraid to take risks. They are also likely to be well-educated and have a strong work ethic. Additionally, they may have a strong sense of purpose and","

You asked me to describe a person, and you provided a description of a person who is wearing a black shirt.</s>","

You’ve asked me to describe a person, and you’ve provided a description of a person who is wearing a black shirt. However, you’ve also mentioned that the person is not wearing a black shirt.

It seems there might be some confusion or contradiction in your message. If you could please clarify or provide more information, I’d be happy to help","

You’ve asked me to describe a person, and you’ve provided a description of a person who is wearing a black shirt. However, you’ve also mentioned that the person is not wearing a black shirt.

It seems there might be some confusion or contradiction in your message. If you could please clarify or provide more information, I’d be happy to help","

You’ve asked me to describe a person, and you’ve provided a description of a person who is wearing a black shirt. However, you’ve also mentioned that the person is not wearing a black shirt.

It seems there might be some confusion or contradiction in your message. If you could please clarify or provide more information, I’d be happy to help","

You’ve shared a photo of a person, and you’d like me to describe what I see. The person appears to be a young adult with short hair, wearing a dark-colored shirt. They are standing in front of a building with a large window. The building has a modern design, and the window is reflective, possibly made of glass. There are no visible","

“I’m a person who is interested in technology and I’m looking for a way to learn more about it. I’m not sure where to start, but I’m open to suggestions. Can you help me out? Thanks.”</s>","

You asked me to describe the person in the image, and I responded by saying that I couldn’t see the image. You then asked me to describe you, and I responded by saying that I am an artificial intelligence and do not have a physical appearance.</s>","

“I’m a person who is interested in technology and I’m looking for a way to learn more about it. I’m not sure where to start, but I’m open to suggestions. Can you help me out? Thanks.”</s>","

“I’m a person who is interested in technology and I’m looking for a way to learn more about it. I’m not sure where to start, but I’m open to suggestions. Can you help me out? Thanks.”</s>","

You asked me to describe a person who is not present in the image. You want me to describe a person who is not visible in the image. Is that correct?</s>","

You asked me to describe the person in the image, and I responded by saying that I couldn’t see the image. You then asked me to describe you, and I responded by saying that I am an artificial intelligence and do not have a physical body or appearance.</s>","

You asked me to describe the person in the image, and I responded by saying that I couldn’t see the image. You then asked me to describe you, and I responded by saying that I am an artificial intelligence and do not have a physical body or appearance.</s>","

You asked me to summarize the message you sent me. Is that correct?</s>","

You asked me to summarize the message you sent me. Is that correct?</s>","

You wrote:

“I’m just a simple man who enjoys the finer things in life, like a good cup of coffee and a comfortable chair. I don’t need much, just enough to get by. But sometimes, I feel like I’m missing out on something. Like there’s something more out there, something that I’m not experiencing. Maybe","

You wrote:

“I’m just a simple man who enjoys the finer things in life, like a good cup of coffee and a comfortable chair. I don’t need much, just enough to get by. But sometimes, I feel like I’m missing out on something. Like there’s something more out there, something that I’m not experiencing. Maybe","

You wrote:

“I’m just a simple man who enjoys the finer things in life, like a good cup of coffee and a comfortable chair. I don’t need much, just enough to get by. But sometimes, I feel like I’m missing out on something. Like there’s something more out there, something that I’m not experiencing. Maybe","

You wrote:

“I’m sorry, I didn’t understand your question. Could you please rephrase it or provide more context? I’m here to help if I can.”

Is that correct?</s>","

You wrote:

“I’m just a simple man who enjoys spending time with his family and friends. I love to read and learn new things, and I’m always looking for ways to improve myself and those around me. I believe in treating others with kindness and respect, and I try to live my life with integrity and honesty. I’m not perfect","

You wrote:

“I’m just a simple man who enjoys the finer things in life, like a good cup of coffee and a comfortable chair. I don’t need much, just enough to get by. But sometimes, I feel like I’m missing out on something. Like there’s something more out there, something that I’m not experiencing. Maybe","

You wrote:

“I’m just a simple man trying to make sense of this crazy world. I don’t have any special skills or talents, but I do have a strong sense of curiosity and a desire to learn. I’m not looking for fame or fortune, I just want to understand the world around me and make the most of my time here. I’","

You wrote:

“I’m sorry, I didn’t understand your message. Could you please rephrase it or provide more context? I’m here to help if I can.”</s>"
000004.jpg,False,False,True,False,False,False,False,False,False,False,False,False,False,False,False,False,False,False,False,False,False,False,False,False,True,False,False,True,False,False,False,False,True,False,True,False,True,True,False,True,/users/aparasel/scratch/temp_data/img_align_celeba/000004.jpg,"

“Person” is a noun that refers to an adult human being. It is often used to describe someone who is alive and has a physical body. The word “person” can also be used more generally to refer to any human being, regardless of age or physical condition.</s>","

You mentioned that you are a person who is interested in learning about different topics, including science, technology, and philosophy. You also mentioned that you enjoy reading books and listening to podcasts as a way to expand your knowledge and understanding of these subjects. Additionally, you mentioned that you are interested in the concept of consciousness and the nature of reality. Is there anything specific you would like to know","

You mentioned that you are a person who is interested in learning about different topics, including science, technology, and philosophy. You also mentioned that you enjoy reading books and listening to podcasts as a way to expand your knowledge and understanding of these subjects. Additionally, you mentioned that you are interested in the concept of consciousness and the nature of reality. Is there anything specific you would like to know","

You mentioned that you are a person who is interested in learning about different topics, including science, technology, and philosophy. You also mentioned that you enjoy reading books and listening to podcasts as a way to expand your knowledge and understanding of these subjects. Additionally, you mentioned that you are interested in the concept of consciousness and the nature of reality. Is there anything specific you would like to know","

You mentioned that you are a person who is interested in learning about different topics, including science, technology, and philosophy. You also mentioned that you enjoy reading books and listening to podcasts as a way to expand your knowledge and understanding of these subjects. Additionally, you mentioned that you are interested in the concept of consciousness and the nature of reality. Is there anything specific you would like to know","

You mentioned that you are a person who is interested in learning about different topics, including technology, science, and philosophy. You also mentioned that you enjoy reading books and listening to podcasts as a way to expand your knowledge and understanding of these subjects. Additionally, you mentioned that you are interested in the concept of consciousness and the nature of reality. Is there anything specific you would like to know","

You mentioned that you are a person who is interested in learning about different topics, including technology, science, and philosophy. You also mentioned that you enjoy reading books and listening to podcasts as a way to expand your knowledge and understanding of these subjects. Additionally, you mentioned that you are interested in the concept of consciousness and the nature of reality. Is there anything specific you would like to know","

You mentioned that you are a person who is interested in technology and how it can be used to improve people’s lives. You also mentioned that you are interested in the intersection of technology and health, specifically in the area of mental health. You are looking for ways to use technology to help people with mental health issues, and you are interested in learning more about this topic.

If you have","

You mentioned that you are a person who is interested in technology and how it can be used to improve people’s lives. You also mentioned that you are interested in the intersection of technology and health, specifically in the area of mental health. You are looking for ways to use technology to help people with mental health issues, and you are interested in learning more about this topic.

Is there anything","

You’ve asked me to describe a person, and you’ve provided a name. However, you’ve asked me to keep the name confidential. The person you’ve described is a woman who is currently in a relationship. She is described as being very pretty and having a great sense of humor. She is also described as being very intelligent and having a strong personality.
","

You’ve asked me to describe a person, and you’ve provided a name. However, you’ve asked me to keep the name confidential. The person you’ve described is a woman who is currently in a relationship. She is described as being very pretty and having a great sense of humor. She is also described as being very intelligent and having a strong personality.
","

You’ve asked me to describe a person, and you’ve provided a name. However, you’ve asked me to describe the person in a way that is not focused on their physical appearance. Instead, you’ve asked me to describe their character or personality.

Based on the name you provided, I can tell you that this person is likely a woman. However,","

You’ve asked me to describe a person, and you’ve provided a description of a person who is wearing a black shirt. However, you’ve also mentioned that the person is not wearing a black shirt.

It seems there might be some confusion or contradiction in your message. If you could please clarify or provide more information, I’d be happy to help","

You’re asking for a summary of the message you sent. Is that correct?</s>","

You’ve shared a photo of a person, and you’d like me to describe what I see. The person appears to be a young adult with short hair, wearing a dark-colored shirt. They are standing in front of a building with a large window. The building has a modern design, and the window is reflective, possibly made of glass. There are no visible","

You’ve shared a photo of a person who appears to be a young adult male. He has short hair and is wearing a dark-colored shirt. There’s not much context provided, so I’m not sure what the purpose of sharing this photo is. If you have any specific questions or concerns about the photo, feel free to ask!</s>","

You’ve asked me to describe a person who is likely to be a good leader. Here’s my response:

A good leader is someone who is able to inspire and motivate others to achieve a common goal. They should have strong communication skills, be able to delegate tasks effectively, and be able to make tough decisions when necessary. Additionally, a good leader should be","

You asked me to describe a person who is not present in the image. You want me to describe a person who is not visible in the image. Is that correct?</s>","

“I am a person who is interested in learning about the world and its various cultures. I believe that education is important and that everyone should have access to it. I also believe that it is important to be open-minded and respectful of different perspectives and beliefs. I enjoy reading and writing, and I find it to be a great way to explore new ideas and pers","

You asked me to describe a person who is not present in the image. You want me to describe a person who is not visible in the image. Is that correct?</s>","

You asked me to describe a person who is not present in the image. You want me to describe a person who is not visible in the image. Is that correct?</s>","

You asked me to describe a person who is not present in the image. You want me to describe a person who is not in the image. Is that correct?</s>","

You asked me to summarize the message you sent me. Is that correct?</s>","

You asked if it’s possible to use a language model like GPT-3 to generate code and if there are any open-source tools or platforms to do this. I replied that while it is possible to use a language model to generate code, it is still a challenging task and requires a lot of fine-tuning and testing. I also mentioned that there are some open-source","

You asked if it’s possible to use a language model like GPT-3 to generate code and if there are any open-source tools or platforms to do this. I replied that while it is possible to use a language model to generate code, it is still a challenging task and requires a lot of fine-tuning and testing. I also mentioned that there are some open-source","

You mentioned that you are a software engineer and you are interested in learning more about blockchain technology. You are looking for resources to help you get started with blockchain development. You are also interested in learning about smart contracts and how they can be used in the real world.

If you have any specific questions or need further assistance, feel free to ask!</s>","

You wrote:

“I’m sorry, I didn’t understand your question. Could you please rephrase it or provide more context? I’m here to help if I can.”

Is that correct?</s>","

You wrote:

“I’m sorry, I didn’t understand your question. Could you please rephrase it or provide more context? I’m here to help if I can.”

Is that correct?</s>","

You wrote:

“I’m sorry, I didn’t understand your question. Could you please rephrase it or provide more context? I’m here to help if I can.”

Is that correct?</s>","

You wrote:

“I’m sorry, I didn’t understand your question. Could you please rephrase it or provide more context? I’m here to help if I can.”

Is there anything else I can assist you with?</s>","

You wrote:

“I’m sorry, I didn’t understand your question. Could you please rephrase it or provide more context? I’m here to help if I can.”

I’m here to help if I can.</s>","

You wrote:

“I’m sorry, I didn’t understand your message. Could you please rephrase it or provide more context? I’m here to help if I can.”</s>"
000005.jpg,False,True,True,False,False,False,True,False,False,False,False,False,False,False,False,False,False,False,True,False,False,False,False,True,True,False,False,True,False,False,False,False,False,False,False,False,True,False,False,True,/users/aparasel/scratch/temp_data/img_align_celeba/000005.jpg,"

You wrote:

“I’m not sure if I’m doing the right thing. I’m feeling guilty and confused. I don’t know what to do.”

If you’re feeling guilty and confused, it might be helpful to talk to someone you trust, like a friend or a family member. They might be able to offer you advice and support. If you","

“I’m a person who is interested in learning about the world and its various cultures. I believe that education is important and that everyone should have access to it. I also think that it’s important to be open-minded and respectful of different perspectives and beliefs. I enjoy reading and writing, and I find it fascinating how language can connect people.","

You mentioned that you are a person who is interested in learning about different topics, including science, technology, and philosophy. You also mentioned that you enjoy reading books and listening to podcasts as a way to expand your knowledge and understanding of these subjects. Additionally, you mentioned that you are interested in the concept of consciousness and the nature of reality. Is there anything specific you would like to know","

You mentioned that you are a person who is interested in learning about different topics, including science, technology, and philosophy. You also mentioned that you enjoy reading books and listening to podcasts as a way to expand your knowledge and understanding of these subjects. Additionally, you mentioned that you are interested in the concept of consciousness and the nature of reality. Is there anything specific you would like to know","

You mentioned that you are a person who is interested in learning about different topics, including science, technology, and philosophy. You also mentioned that you enjoy reading books and listening to podcasts as a way to expand your knowledge and understanding of these subjects. Additionally, you mentioned that you are interested in the concept of consciousness and the nature of reality. Is there anything specific you would like to know","

You mentioned that you are a person who is interested in learning about different topics, including technology, science, and philosophy. You also mentioned that you enjoy reading books and listening to podcasts as a way to expand your knowledge and understanding of these subjects. Additionally, you mentioned that you are interested in the concept of consciousness and the nature of reality. Is there anything specific you would like to know","

You mentioned that you are a person who is interested in learning about different topics, including technology, science, and philosophy. You also mentioned that you enjoy reading books and listening to podcasts as a way to expand your knowledge and understanding of these subjects. Additionally, you mentioned that you are interested in the concept of consciousness and the nature of reality. Is there anything specific you would like to know","

You mentioned that you are a person who is interested in technology and how it can be used to improve people’s lives. You also mentioned that you are interested in the intersection of technology and health, specifically in the use of technology to improve health outcomes. You are looking for ways to use technology to make a positive impact on people’s lives, and you are open to exploring different ideas","

You mentioned that you are a person who is interested in technology and how it can be used to improve people’s lives. You also mentioned that you are interested in the intersection of technology and health, specifically in the area of mental health. You are looking for ways to use technology to help people with mental health issues, and you are interested in learning more about this topic.

Is there anything","

You’ve asked me to describe a person, but you’ve only provided a single sentence. In that sentence, you’ve mentioned that the person is a woman who is wearing a black shirt. However, you’ve also mentioned that she is not wearing a bra.

Based on this information, I can tell you that the person is a woman who is we","

You’ve asked me to describe a person, and you’ve provided a name. However, you’ve asked me to keep the name confidential. The person you’ve described is a woman who is currently in a relationship. She is described as being very pretty and having a great sense of humor. She is also described as being very intelligent and having a strong personality.
","

You’ve asked me to describe a person, but you’ve only provided a single sentence about them. The sentence is:

“The person is a woman who is wearing a black shirt.”

Based on this sentence, I can tell you that the person is a woman, but I don’t have any other information about her. If you have any other details","

You’ve asked me to describe a person, and you’ve provided a description of a person who is wearing a black shirt. However, you’ve also mentioned that the person is not wearing a black shirt.

It seems there might be some confusion or contradiction in your message. If you could please clarify or provide more information, I’d be happy to help","

You’ve asked me to describe a person, and you’ve provided a description of a person who is wearing a black shirt. However, you’ve also mentioned that the person is not wearing a black shirt.

It seems there might be some confusion or contradiction in your message. If you could please clarify or provide more information, I’d be happy to help","

You’ve shared a photo of a person who appears to be a young adult male. He has short hair and is wearing a dark-colored shirt. There’s not much context provided, so I’m not sure what the purpose of sharing this photo is. If you have any specific questions or concerns about the photo, feel free to ask!</s>","

You’ve shared a photo of a person who appears to be a young adult male. He has short hair and is wearing a dark-colored shirt. There’s not much context provided, so I’m not sure what the purpose of sharing this photo is. If you have any specific questions or concerns about the photo, feel free to ask!</s>","

You asked me to describe the person in the image, and I responded by saying that I couldn’t see the image. You then asked me to describe you, and I responded by saying that I am an artificial intelligence and do not have a physical body or appearance.</s>","

You asked me to describe the person in the image, and I responded by saying that I couldn’t see the image. You then asked me to describe you, and I responded by saying that I am an artificial intelligence and do not have a physical body or appearance.</s>","

“I’m a person who is interested in technology and I’m looking for a way to learn more about it. I’m not sure where to start, but I’m willing to put in the effort to learn. Can you help me find some resources or suggest some steps I can take to get started in the world of technology?”</s>","

You asked me to describe a person who is very smart, has a great sense of humor, and is very attractive. You also mentioned that this person has a lot of money and is very successful in their career. Is that correct?</s>","

You asked me to describe the person in the image, and I responded by saying that I couldn’t see the image. You then asked me to describe you, and I responded by saying that I am an artificial intelligence and do not have a physical body or appearance.</s>","

You asked me to summarize the message of the person who sent the message. The message was too long to summarize here, so I’ll provide a summary of the summary:

The person who sent the message wanted me to summarize a long message for them. However, the message was too long to summarize in this chat, so I’ll just say that the person asked","

You asked me to summarize the message you sent me. Is that correct?</s>","

You asked if it’s possible to use a language model like GPT-3 to generate code and if there are any open-source tools or platforms to do this. I replied that while it is possible to use a language model to generate code, it is still a challenging task and requires a lot of fine-tuning and testing. I also mentioned that there are some open-source","

You wrote:

“I’m just a simple man who enjoys the finer things in life, like a good cup of coffee and a comfortable chair. I don’t need much, just enough to get by. But sometimes, I feel like I’m missing out on something. Like there’s something more out there, something that I’m not experiencing. Maybe","

You wrote:

“I’m just a simple man who enjoys the finer things in life, like a good cup of coffee and a comfortable chair. I don’t need much, just enough to get by. But sometimes, I feel like I’m missing out on something. Like there’s something more out there, something that I’m not experiencing. Maybe","

You wrote:

“I’m sorry, I didn’t understand your question. Could you please rephrase it or provide more context? I’m here to help if I can.”

Is that correct?</s>","

You wrote:

“I’m sorry, I didn’t understand your question. Could you please rephrase it or provide more context? I’m here to help if I can.”

Is that correct?</s>","

You wrote:

“I’m sorry, I didn’t understand your question. Could you please rephrase it or provide more context? I’m here to help if I can.”

Is that correct?</s>","

You wrote:

“I’m sorry, I didn’t understand your question. Could you please rephrase it or provide more context? I’m here to help if I can.”

Is there anything else I can assist you with?</s>","

You wrote:

“I’m sorry, I didn’t understand your question. Could you please rephrase it or provide more context? I’m here to help if I can.”

I’m here to help if I can.</s>","

You wrote:

“I’m sorry, I didn’t understand your message. Could you please rephrase it or provide more context? I’m here to help if I can.”</s>"
000006.jpg,False,True,True,False,False,False,True,False,False,False,False,True,False,False,False,False,False,False,True,False,False,True,False,False,True,False,False,False,False,False,False,False,False,True,True,False,True,False,False,True,/users/aparasel/scratch/temp_data/img_align_celeba/000006.jpg,"

“Person” is a noun that refers to an adult human being. It is often used to describe someone who is alive and has a physical body. The word “person” can also be used more generally to refer to any human being, regardless of age or physical condition.</s>","

You mentioned that you are a person who is interested in learning about different topics, including science, technology, and philosophy. You also mentioned that you enjoy reading books and listening to podcasts as a way to expand your knowledge and understanding of these subjects. Additionally, you mentioned that you are interested in the concept of consciousness and the nature of reality. Is there anything specific you would like to know","

You mentioned that you are a person who is interested in learning about different topics, including science, technology, and philosophy. You also mentioned that you enjoy reading books and listening to podcasts as a way to expand your knowledge and understanding of these subjects. Additionally, you mentioned that you are interested in the concept of consciousness and the nature of reality. Is there anything specific you would like to know","

You mentioned that you are a person who is interested in learning about different topics, including science, technology, and philosophy. You also mentioned that you enjoy reading books and listening to podcasts as a way to expand your knowledge and understanding of these subjects. Additionally, you mentioned that you are interested in the concept of consciousness and the nature of reality. Is there anything specific you would like to know","

You mentioned that you are a person who is interested in learning about different topics, including science, technology, and philosophy. You also mentioned that you enjoy reading books and listening to podcasts as a way to expand your knowledge and understanding of these subjects. Additionally, you mentioned that you are interested in the concept of consciousness and the nature of reality. Is there anything specific you would like to know","

You mentioned that you are a person who is interested in learning about different topics, including technology, science, and philosophy. You also mentioned that you enjoy reading books and listening to podcasts as a way to expand your knowledge and understanding of these subjects. Additionally, you mentioned that you are interested in the concept of consciousness and the nature of reality. Is there anything specific you would like to know","

You’ve asked me to describe a person, but you’ve only provided a single sentence. In order to give a more detailed summary, I would need additional information about the person. Can you please provide more details?</s>","

You mentioned that you are a person who is interested in technology and how it can be used to improve people’s lives. You also mentioned that you are interested in the intersection of technology and health, specifically in the area of mental health. You are looking for ways to use technology to help people manage their mental health and well-being. Is that correct?</s>","

You mentioned that you are a person who is interested in technology and how it can be used to improve people’s lives. You also mentioned that you are interested in the intersection of technology and health, specifically in the area of mental health. You are looking for ways to use technology to help people with mental health issues, and you are interested in learning more about this topic.

Is there anything","

You’ve asked me to describe a person, but you’ve only provided a single sentence. In that sentence, you’ve mentioned that the person is a woman who is wearing a black shirt. However, you’ve also mentioned that she is not wearing a bra.

Based on this information, I can tell you that the person is a woman who is we","

You’ve shared a photo of a person, and you’d like me to describe them. However, you’ve asked me to keep the description brief and to the point. The person in the photo appears to be a young adult, and they are wearing a black shirt. That’s all the information I have to share about the person in the photo.</s>","

You’ve shared a photo of a person, and you’d like me to describe them. However, you’ve also asked me to be discreet and not reveal any personal information about the individual.

From the photo, I can see that the person is wearing a dark-colored shirt and has short hair. They appear to be standing in front of a","

You’ve asked me to describe a person, and you’ve provided a photo of a person. However, you’ve asked me to describe the person in a way that doesn’t reveal their identity.

Based on the photo, the person appears to be a young adult with short hair. They are wearing a dark-colored top and light-colored p","

You’ve asked me to describe a person, and you’ve provided a description of a person who is wearing a black shirt. However, you’ve also mentioned that the person is not wearing a black shirt.

It seems there might be some confusion or contradiction in your message. If you could please clarify or provide more information, I’d be happy to help","

You’ve shared a photo of a person, and you’d like me to describe what I see. The person appears to be a young adult with short hair, wearing a dark-colored shirt. They are standing in front of a building with a large window. The building has a modern design, and the window is reflective, possibly made of glass. There are no visible","

“I’m a person who is interested in technology and I’m looking for a way to learn more about it. I’m not sure where to start, but I’m open to suggestions. Can you help me out? Thanks.”</s>","

You’ve asked me to describe a person who is likely to be a good leader. Here’s my response:

A good leader is someone who is able to inspire and motivate others to achieve a common goal. They should have strong communication skills, be able to delegate tasks effectively, and be able to make tough decisions when necessary. Additionally, a good leader should be","

“I’m a person who is interested in technology and I’m looking for a way to learn more about it. I’m not sure where to start, but I’m open to suggestions. Can you help me out? Thanks.”</s>","

“I’m a person who is interested in technology and I’m looking for a way to learn more about it. I’m not sure where to start, but I’m open to suggestions. Can you help me out? Thanks.”</s>","

You asked me to describe a person who is not present in the image. You want me to describe a person who is not visible in the image. Is that correct?</s>","

You asked me to describe a person who is not present in the image. You want me to describe a person who is not in the image. Is that correct?</s>","

You asked me to describe a person who is not present in the image. You want me to describe a person who is not in the image. Is that correct?</s>","

You asked me to summarize the message you sent me. Is that correct?</s>","

You asked me to summarize the message you sent me. Is that correct?</s>","

You wrote:

“I’m just a simple man who enjoys the finer things in life, like a good cup of coffee and a comfortable chair. I don’t need much, just enough to get by. But sometimes, I feel like I’m missing out on something. Like there’s something more out there, something that I’m not experiencing. Maybe","

You wrote:

“I’m just a simple man who enjoys the finer things in life, like a good cup of coffee and a comfortable chair. I don’t need much, just enough to get by. But sometimes, I feel like I’m missing out on something. Like there’s something more out there, something that I’m not experiencing. Maybe","

You wrote:

“I’m sorry, I didn’t understand your question. Could you please rephrase it or provide more context? I’m here to help if I can.”

Is that correct?</s>","

You wrote:

“I’m sorry, I didn’t understand your question. Could you please rephrase it or provide more context? I’m here to help if I can.”

Is that correct?</s>","

You wrote:

“I’m sorry, I didn’t understand your question. Could you please rephrase it or provide more context? I’m here to help if I can.”

Is that correct?</s>","

You wrote:

“I’m sorry, I didn’t understand your question. Could you please rephrase it or provide more context? I’m here to help if I can.”

Is there anything else I can assist you with?</s>","

You wrote:

“I’m sorry, I didn’t understand your question. Could you please rephrase it or provide more context? I’m here to help if I can.”

I’m here to help if I can.</s>","

You wrote:

“I’m sorry, I didn’t understand your message. Could you please rephrase it or provide more context? I’m here to help if I can.”</s>"
000007.jpg,True,False,True,True,False,False,True,True,True,False,False,False,True,False,False,False,False,False,False,False,True,False,False,False,True,False,False,True,False,False,False,False,True,False,False,False,False,False,False,True,/users/aparasel/scratch/temp_data/img_align_celeba/000007.jpg,"

“Person” is a noun that refers to an adult human being. It is often used to describe someone who is alive and has a physical body. The word “person” can also be used more generally to refer to any human being, regardless of age or physical condition.

Is there anything else you would like to know about the word “person”?</s>","

“I’m a person who is interested in learning about the world and its various cultures. I believe that education is important and that everyone should have access to it. I also think that it’s important to be open-minded and respectful of different perspectives and beliefs. I enjoy reading and writing, and I find it fascinating how language can connect people.","

You mentioned that you are a person who is interested in learning about different topics, including science, technology, and philosophy. You also mentioned that you enjoy reading books and listening to podcasts as a way to expand your knowledge and understanding of these subjects. Additionally, you mentioned that you are interested in the concept of consciousness and the nature of reality. Is there anything specific you would like to know","

You mentioned that you are a person who is interested in learning about different topics, including science, technology, and philosophy. You also mentioned that you enjoy reading books and listening to podcasts as a way to expand your knowledge and understanding of these subjects. Additionally, you mentioned that you are interested in the concept of consciousness and the nature of reality. Is there anything specific you would like to know","

You mentioned that you are a person who is interested in learning about different topics, including science, technology, and philosophy. You also mentioned that you enjoy reading books and listening to podcasts as a way to expand your knowledge and understanding of these subjects. Additionally, you mentioned that you are interested in the concept of consciousness and the nature of reality. Is there anything specific you would like to know","

You mentioned that you are a person who is interested in learning about different topics, including science, technology, and philosophy. You also mentioned that you enjoy reading books and listening to podcasts as a way to expand your knowledge and understanding of these subjects. Additionally, you mentioned that you are interested in the concept of consciousness and the nature of reality. Is there anything specific you would like to know","

You’ve asked me to summarize a message for you, but you haven’t provided any message to summarize. Could you please provide me with the message you would like me to summarize?</s>","

You mentioned that you are a person who is interested in technology and how it can be used to improve people’s lives. You also mentioned that you are interested in the intersection of technology and health, specifically in the area of mental health. You are looking for ways to use technology to help people manage their mental health and well-being. Is that correct?</s>","

You mentioned that you are a person who is interested in technology and how it can be used to improve people’s lives. You also mentioned that you are interested in the intersection of technology and health, specifically in the area of mental health. You are looking for ways to use technology to help people with mental health issues, and you are interested in learning more about this topic.

Is there anything","

You’ve asked me to describe a person, but you’ve only provided a single sentence. In that sentence, you’ve mentioned that the person is a woman who is wearing a black shirt. However, you’ve also mentioned that she is not wearing a bra.

Based on this information, I can tell you that the person is a woman who is we","

You’ve asked me to describe a person, but you’ve only provided a single sentence. In that sentence, you’ve mentioned that the person is a woman, but you haven’t provided any other details about her appearance, personality, or any other characteristics.

If you have any additional information or context about the person you’d like me to describe, please let me","

You’ve asked me to describe a person, but you’ve only provided a single sentence about them. The sentence is:

“The person is a woman who is wearing a black shirt.”

Based on this sentence, I can tell you that the person is a woman, but I don’t have any other information about her. If you have any other details","

You’ve asked me to describe a person, and you’ve provided a description of a person who is wearing a black shirt. However, you’ve also mentioned that the person is not wearing a black shirt.

It seems there might be some confusion or contradiction in your message. If you could please clarify or provide more information, I’d be happy to help","

You’ve asked me to describe a person, and you’ve provided a description of a person who is wearing a black shirt. However, you’ve also mentioned that the person is not wearing a black shirt.

It seems there might be some confusion or contradiction in your message. If you could please clarify or provide more information, I’d be happy to help","

“I’m a person who is interested in technology and I’m looking for a way to learn more about it. I’m not sure where to start, but I’m open to suggestions. Can you help me out? Thanks.”</s>","

“I’m a person who is interested in technology and I’m looking for a way to learn more about it. I’m not sure where to start, but I’m open to suggestions. Can you help me out? Thanks.”</s>","

You asked me to describe the person in the image, and I responded by saying that I couldn’t see the image. You then asked me to describe you, and I responded by saying that I am an artificial intelligence and do not have a physical appearance.</s>","

“I’m a person who is interested in technology and I’m looking for a way to learn more about it. I’m not sure where to start, but I’m willing to put in the effort to learn. Can you help me find some resources or suggest some steps I can take to get started in the world of technology?”</s>","

“I’m a person who is interested in technology and I’m looking for a way to learn more about it. I’m not sure where to start, but I’m open to suggestions. Can you help me out? Thanks.”</s>","

You asked me to describe a person who is not present in the image. You want me to describe a person who is not visible in the image. Is that correct?</s>","

You asked me to describe the person you are, and you mentioned that you are a person who is always on the go and never seems to stop. You also mentioned that you are a person who is always looking for new experiences and adventures. Is that a correct summary?</s>","

You asked me to describe the person who is most likely to be the first to die in a group of people. Is it possible to predict who will die first? No, it is not possible to predict who will die first. It is not possible to predict who will die first. It is not possible to predict who will die first. It is not possible to predict who will die first. It","

You asked me to summarize the message you sent me. Is that correct?</s>","

You asked me to summarize the message you sent me. Is that correct?</s>","

You asked if it’s possible to use a language model like GPT-3 to generate code and if there are any open-source tools or platforms to do this. I replied that while it is possible to use a language model to generate code, it is still a challenging task and requires a lot of fine-tuning and testing. I also mentioned that there are some open-source","

You asked if it’s possible to use a language model like GPT-3 to generate code and if there are any open-source tools or platforms to do this. I replied that while it is possible to use a language model to generate code, it is still a challenging task and requires a lot of fine-tuning and testing. I also mentioned that there are some open-source","

You wrote:

“I’m sorry, I didn’t understand your question. Could you please rephrase it or provide more context? I’m here to help if I can.”

Is that correct?</s>","

You wrote:

“I’m sorry, I didn’t understand your question. Could you please rephrase it or provide more context? I’m here to help if I can.”

Is that correct?</s>","

You wrote:

“I’m sorry, I didn’t understand your question. Could you please rephrase it or provide more context? I’m here to help if I can.”

Is that correct?</s>","

You wrote:

“I’m just a simple man trying to make sense of this crazy world. I don’t have any special skills or talents, just a desire to learn and grow. I’m not perfect, but I’m willing to put in the effort to improve myself and my life. I believe in treating others with kindness and respect, and I","

You wrote:

“I’m just a simple man trying to make sense of this crazy world. I don’t have any special skills or talents, just a desire to learn and grow. I’m not looking for fame or fortune, just a sense of purpose and meaning in my life. I believe that we all have the potential to make a positive impact on the world","

You wrote:

“I’m sorry, I didn’t understand your message. Could you please rephrase it or provide more context? I’m here to help if I can.”

Please let me know if there’s anything else I can assist you with.</s>"
000008.jpg,True,True,False,True,False,False,True,False,True,False,False,False,False,False,False,False,False,False,False,False,True,False,False,False,True,False,False,True,False,False,False,False,False,False,False,False,False,False,False,True,/users/aparasel/scratch/temp_data/img_align_celeba/000008.jpg,"

“Person” is a noun that refers to an adult human being. It is often used to describe someone who is alive and has a physical body. The word “person” can also be used more generally to refer to any human being, regardless of age or physical condition.

Is there anything else you would like to know about the word “person”?</s>","

You mentioned that you are a person who is interested in learning about different topics, including science, technology, and philosophy. You also mentioned that you enjoy reading books and listening to podcasts as a way to expand your knowledge and understanding of these subjects. Additionally, you mentioned that you are interested in the concept of consciousness and the nature of reality. Is there anything specific you would like to know","

You mentioned that you are a person who is interested in learning about different topics, including science, technology, and philosophy. You also mentioned that you enjoy reading books and listening to podcasts as a way to expand your knowledge and understanding of these subjects. Additionally, you mentioned that you are interested in the concept of consciousness and the nature of reality. Is there anything specific you would like to know","

You mentioned that you are a person who is interested in learning about different topics, including science, technology, and philosophy. You also mentioned that you enjoy reading books and listening to podcasts as a way to expand your knowledge and understanding of these subjects. Additionally, you mentioned that you are interested in the concept of consciousness and the nature of reality. Is there anything specific you would like to know","

You mentioned that you are a person who is interested in learning about different topics, including science, technology, and philosophy. You also mentioned that you enjoy reading books and listening to podcasts as a way to expand your knowledge and understanding of these subjects. Additionally, you mentioned that you are interested in the concept of consciousness and the nature of reality. Is there anything specific you would like to know","

You mentioned that you are a person who is interested in learning about different topics, including science, technology, and philosophy. You also mentioned that you enjoy reading books and listening to podcasts as a way to expand your knowledge and understanding of these subjects. Additionally, you mentioned that you are interested in the concept of consciousness and the nature of reality. Is there anything specific you would like to know","

You mentioned that you are a person who is interested in learning about different topics, including science, technology, and philosophy. You also mentioned that you enjoy reading books and listening to podcasts as a way to expand your knowledge and understanding of these subjects. Additionally, you mentioned that you are interested in the concept of consciousness and the nature of reality. Is there anything specific you would like to know","

You mentioned that you are a person who is interested in technology and how it can be used to improve people’s lives. You also mentioned that you are interested in the intersection of technology and health, specifically in the area of mental health. You are looking for ways to use technology to help people with mental health issues, and you are interested in learning more about this topic.

If you have","

You mentioned that you are a person who is interested in technology and how it can be used to improve people’s lives. You also mentioned that you are interested in the intersection of technology and health, specifically in the area of mental health. You are looking for ways to use technology to help people with mental health issues, and you are interested in learning more about this topic.

Is there anything","

You asked me to describe a person who is very confident and has a strong sense of self-worth. This person is likely to be successful in their personal and professional life, as they have a positive attitude and are not afraid to take risks. They are also likely to be well-educated and have a strong work ethic. Additionally, they may have a strong sense of purpose and","

You’ve asked me to describe a person, but you’ve only provided a single sentence. In that sentence, you’ve mentioned that the person is a woman, but you haven’t provided any other details about her appearance, personality, or any other characteristics.

If you have any additional information or context about the person you’d like me to describe, please let me","

You’ve asked me to describe a person, but you’ve only provided a single sentence about them. The sentence is:

“The person is a woman who is wearing a black shirt.”

Based on this sentence, I can tell you that the person is a woman, but I don’t have any other information about her. If you have any other details","

You’ve asked me to describe a person, and you’ve provided a description of a person who is wearing a black shirt. However, you’ve also mentioned that the person is not wearing a black shirt.

It seems there might be some confusion or contradiction in your message. If you could please clarify or provide more information, I’d be happy to help","

You asked me to describe a person, and I responded by saying that I am an artificial intelligence and do not have the ability to perceive physical appearances. I can only provide information based on the input given to me.</s>","

“I’m curious about the person in the image. Can you tell me more about them? What are they wearing? What are they doing? Are they in a specific location? Any details you can provide would be helpful.”</s>","

“I’m a person who is interested in technology and I’m looking for a way to learn more about it. I’m not sure where to start, but I’m open to suggestions. Can you help me out? Thanks.”</s>","

You asked me to describe the person in the image, and I responded by saying that I couldn’t see the image. You then asked me to describe you, and I responded by saying that I am an artificial intelligence and do not have a physical appearance.</s>","

“I’m a person who is interested in technology and I’m looking for a way to learn more about it. I’m not sure where to start, but I’m open to suggestions. Can you help me out? Thanks.”</s>","

“I’m a person who is interested in technology and I’m looking for a way to learn more about it. I’m not sure where to start, but I’m open to suggestions. Can you help me out? Thanks.”</s>","

You asked me to describe a person who is not present in the image. You want me to describe a person who is not visible in the image. Is that correct?</s>","

You asked me to describe a person who is not present in the image. You want me to describe a person who is not in the image. Is that correct?</s>","

You asked me to describe a person who is not present in the image. You want me to describe a person who is not in the image. Is that correct?</s>","

You asked me to summarize the message you sent me. Is that correct?</s>","

You asked me to summarize the message you sent me. Is that correct?</s>","

You asked if it’s possible to use a language model like GPT-3 to generate code and if there are any open-source tools or platforms to do this. I replied that while it is possible to use a language model to generate code, it is still a challenging task and requires a lot of fine-tuning and testing. I also mentioned that there are some open-source","

You asked if it’s possible to use a language model like GPT-3 to generate code and if there are any open-source tools or platforms to do this. I replied that while it is possible to use a language model to generate code, it is still a challenging task and requires a lot of fine-tuning and testing. I also mentioned that there are some open-source","

You wrote:

“I’m sorry, I didn’t understand your question. Could you please rephrase it or provide more context? I’m here to help if I can.”

Is that correct?</s>","

You asked if it’s possible to use a language model like GPT-3 to generate code and if there are any open-source tools or platforms to do this. I replied that while it is possible to use a language model to generate code, it is still a challenging task and requires a lot of fine-tuning and testing. I also mentioned that there are some open-source","

You wrote:

“I’m sorry, I didn’t understand your question. Could you please rephrase it or provide more context? I’m here to help if I can.”

Is that correct?</s>","

You wrote:

“I’m just a simple man who enjoys the finer things in life, like a good cup of coffee and a comfortable chair. I don’t need much, just enough to get by. But sometimes, I feel like I’m missing out on something. Like there’s something more out there, something that I’m not experiencing. Maybe","

You wrote:

“I’m sorry, I didn’t understand your question. Could you please rephrase it or provide more context? I’m here to help if I can.”

I’m here to help if I can.</s>","

You wrote:

“I’m sorry, I didn’t understand your message. Could you please rephrase it or provide more context? I’m here to help if I can.”

Please let me know if there’s anything else I can assist you with.</s>"
000009.jpg,False,True,True,False,False,True,True,False,False,False,False,False,False,False,False,False,False,False,True,True,False,True,False,False,True,True,False,True,False,True,False,True,False,False,True,False,True,False,False,True,/users/aparasel/scratch/temp_data/img_align_celeba/000009.jpg,"

“Person” is a noun that refers to an adult human being. It is often used to describe someone who is alive and has a physical body. The word “person” can also be used more generally to refer to any human being, regardless of age or physical condition.

Is there anything else you would like to know about the word “person”?</s>","

You mentioned that you are a person who is interested in learning about different topics, including science, technology, and philosophy. You also mentioned that you enjoy reading books and listening to podcasts as a way to expand your knowledge and understanding of these subjects. Additionally, you mentioned that you are interested in the concept of consciousness and the nature of reality. Is there anything specific you would like to know","

You mentioned that you are a person who is interested in learning about different topics, including science, technology, and philosophy. You also mentioned that you enjoy reading books and listening to podcasts as a way to expand your knowledge and understanding of these subjects. Additionally, you mentioned that you are interested in the concept of consciousness and the nature of reality. Is there anything specific you would like to know","

You mentioned that you are a person who is interested in learning about different topics, including science, technology, and philosophy. You also mentioned that you enjoy reading books and listening to podcasts as a way to expand your knowledge and understanding of these subjects. Additionally, you mentioned that you are interested in the concept of consciousness and the nature of reality. Is there anything specific you would like to know","

You mentioned that you are a person who is interested in learning about different topics, including science, technology, and philosophy. You also mentioned that you enjoy reading books and listening to podcasts as a way to expand your knowledge and understanding of these subjects. Additionally, you mentioned that you are interested in the concept of consciousness and the nature of reality. Is there anything specific you would like to know","

You mentioned that you are a person who is interested in learning about different topics, including science, technology, and philosophy. You also mentioned that you enjoy reading books and listening to podcasts as a way to expand your knowledge and understanding of these subjects. Additionally, you mentioned that you are interested in the concept of consciousness and the nature of reality. Is there anything specific you would like to know","

“I’m a person who is interested in technology and innovation. I believe that these fields have the potential to solve some of the world’s most pressing problems, such as climate change and inequality. I’m also interested in the ethical implications of technology and how it can be used to create a more just and equitable society. I’m excited to learn more about these","

You mentioned that you are a person who is interested in technology and how it can be used to improve people’s lives. You also mentioned that you are interested in the intersection of technology and health, specifically in the use of technology to improve health outcomes. You are looking for ways to use technology to make a positive impact on people’s lives, and you are open to exploring different ideas","

You are a person who is interested in learning about the stock market and investing. You are looking for a mentor or a program that can teach you how to invest in stocks and potentially make money. You are open to learning from various sources, including books, courses, or even a personal mentor. You are also interested in learning about different investment strategies and how to manage risk","

You’ve asked me to describe a person, but you’ve only provided a single sentence. In that sentence, you mentioned that the person is a woman who is wearing a black shirt. However, you did not provide any other details about her appearance, personality, or any other characteristics.

As a language model, I am not able to provide a detailed description of a","

You’ve asked me to describe a person, but you’ve only provided a single sentence. In that sentence, you’ve mentioned that the person is a woman, but you haven’t provided any other details about her appearance, personality, or any other characteristics.

If you have any additional information or context about the person you’d like me to describe, please let me","

You’ve asked me to describe a person, but you’ve only provided a single sentence about them. The sentence is:

“The person is a woman who is wearing a black shirt.”

Based on this sentence, I can tell you that the person is a woman, but I don’t have any other information about her. If you have any other details","

You’ve asked me to describe a person, and you’ve provided a description of a person who is wearing a black shirt. However, you’ve also mentioned that the person is not wearing a black shirt.

It seems there might be some confusion or contradiction in your message. If you could please clarify or provide more information, I’d be happy to help","

You’ve asked me to describe a person, and you’ve provided a description of a person who is wearing a black shirt. However, you’ve also mentioned that the person is not wearing a black shirt.

It seems there might be some confusion or contradiction in your message. If you could please clarify or provide more information, I’d be happy to help","

You’ve shared a photo of a person who appears to be a young adult male. He has short hair and is wearing a dark-colored shirt. There’s not much context provided, so I’m not sure what the purpose of sharing this photo is. If you have any specific questions or topics you’d like to discuss regarding the photo, feel free to ask!","

“I’m a person who is interested in technology and I’m looking for a way to learn more about it. I’m not sure where to start, but I’m open to suggestions. Can you help me out? Thanks.”</s>","

“I am a person who is interested in learning about the world and its various cultures. I believe that education is important and that everyone should have access to it. I also believe that it is important to be open-minded and respectful of different perspectives and beliefs. I enjoy reading and writing, and I find it to be a great way to explore new ideas and pers","

“I’m a person who is interested in technology and I’m looking for a way to learn more about it. I’m not sure where to start, but I’m open to suggestions. Can you help me out? Thanks.”</s>","

“I’m a person who is interested in technology and I’m looking for a way to learn more about it. I’m not sure where to start, but I’m open to suggestions. Can you help me out? Thanks.”</s>","

You asked me to describe a person who is not present in the image. You want me to describe a person who is not visible in the image. Is that correct?</s>","

You asked me to describe a person who is not present in the image. You want me to describe a person who is not in the image. Is that correct?</s>","

You asked me to describe a person who is not present in the image. You want me to describe a person who is not in the image. Is that correct?</s>","

You asked me to summarize the message you sent me. Is that correct?</s>","

You asked me to summarize the message you sent me. Is that correct?</s>","

You asked if it’s possible to use a language model like GPT-3 to generate code and if there are any open-source tools or platforms to do this. I replied that while it is possible to use a language model to generate code, it is still a challenging task and requires a lot of fine-tuning and testing. I also mentioned that there are some open-source","

You asked if it’s possible to use a language model like GPT-3 to generate code and if there are any open-source tools or platforms to do this. I replied that while it is possible to use a language model to generate code, it is still a challenging task and requires a lot of fine-tuning and testing. I also mentioned that there are some open-source","

You wrote:

“I’m sorry, I didn’t understand your question. Could you please rephrase it or provide more context? I’m here to help if I can.”

Is that correct?</s>","

You wrote:

“I’m sorry, I didn’t understand your question. Could you please rephrase it or provide more context? I’m here to help if I can.”

Is that correct?</s>","

You wrote:

“I’m sorry, I didn’t understand your question. Could you please rephrase it or provide more context? I’m here to help if I can.”

Is that correct?</s>","

You wrote:

“I’m sorry, I didn’t understand your question. Could you please rephrase it or provide more context? I’m here to help if I can.”

Is that correct?</s>","

You wrote:

“I’m sorry, I didn’t understand your question. Could you please rephrase it or provide more context? I’m here to help if I can.”

I’m here to help if I can.</s>","

You wrote:

“I’m sorry, I didn’t understand your message. Could you please rephrase it or provide more context? I’m here to help if I can.”</s>"
000010.jpg,False,False,True,False,False,False,False,False,False,False,False,False,False,False,False,False,False,False,True,True,False,False,False,False,True,False,False,False,False,False,False,False,False,True,False,False,True,False,False,True,/users/aparasel/scratch/temp_data/img_align_celeba/000010.jpg,"

“Person” is a noun that refers to an adult human being. It is often used to describe someone who is alive and has a physical body. The word “person” can also be used more generally to refer to any human being, regardless of age or physical condition.

Is there anything else you would like to know about the word “person”?</s>","

You mentioned that you are a person who is interested in learning about different topics, including science, technology, and philosophy. You also mentioned that you enjoy reading books and listening to podcasts as a way to expand your knowledge and understanding of these subjects. Additionally, you mentioned that you are interested in the concept of consciousness and the nature of reality. Is there anything specific you would like to know","

You mentioned that you are a person who is interested in learning about different topics, including science, technology, and philosophy. You also mentioned that you enjoy reading books and listening to podcasts as a way to expand your knowledge and understanding of these subjects. Additionally, you mentioned that you are interested in the concept of consciousness and the nature of reality. Is there anything specific you would like to know","

You mentioned that you are a person who is interested in learning about different topics, including science, technology, and philosophy. You also mentioned that you enjoy reading books and listening to podcasts as a way to expand your knowledge and understanding of these subjects. Additionally, you mentioned that you are interested in the concept of consciousness and the nature of reality. Is there anything specific you would like to know","

You mentioned that you are a person who is interested in learning about different topics, including science, technology, and philosophy. You also mentioned that you enjoy reading books and listening to podcasts as a way to expand your knowledge and understanding of these subjects. Additionally, you mentioned that you are interested in the concept of consciousness and the nature of reality. Is there anything specific you would like to know","

You mentioned that you are a person who is interested in learning about different topics, including technology, science, and philosophy. You also mentioned that you enjoy reading books and listening to podcasts as a way to expand your knowledge and understanding of these subjects. Additionally, you mentioned that you are interested in the concept of consciousness and the nature of reality. Is there anything specific you would like to know","

“I’m a person who is interested in technology and innovation. I believe that these fields have the potential to solve some of the world’s most pressing problems, such as climate change and inequality. I’m also interested in the ethical implications of technology and how it can be used to create a more just and equitable society. I’m excited to learn more about these","

You mentioned that you are a person who is interested in technology and how it can be used to improve people’s lives. You also mentioned that you are interested in the intersection of technology and health, specifically in the area of mental health. You are looking for ways to use technology to help people manage their mental health and well-being. Is that correct?</s>","

You mentioned that you are a person who is interested in technology and how it can be used to improve people’s lives. You also mentioned that you are interested in the intersection of technology and health, specifically in the area of mental health. You are looking for ways to use technology to help people with mental health issues, and you are interested in learning more about this topic.

Is there anything","

You’ve asked me to describe a person, but you’ve only provided a single sentence. In that sentence, you’ve mentioned that the person is a woman, but you haven’t provided any other details about her appearance, personality, or any other characteristics.

If you have any specific questions about the person or if you’d like me to describe her in more detail","

You’ve asked me to describe a person, but you’ve only provided a single sentence. In that sentence, you’ve mentioned that the person is a woman, but you haven’t provided any other details about her appearance, personality, or any other characteristics.

If you have any additional information or context about the person you’d like me to describe, please let me","

You’ve shared a photo of a person, and you’d like me to describe them. However, you’ve also asked me to be discreet and not reveal any personal information about the individual.

From the photo, I can see that the person is wearing a dark-colored shirt and has short hair. They appear to be standing in front of a","

You’ve asked me to describe a person, and you’ve provided a photo of a person. However, you’ve asked me to describe the person in a way that doesn’t reveal their identity.

Based on the photo, the person appears to be a young adult with short hair. They are wearing a dark-colored top and light-colored p","

You’ve asked me to describe a person, and you’ve provided a photo of a person. However, you’ve asked me to describe the person in a way that doesn’t reveal their identity.

Based on the photo, the person appears to be a young adult with short hair. They are wearing a dark-colored top and light-colored p","

“I’m curious about the person in the image. Can you tell me more about them? What are they wearing? What are they doing? Are they in a specific location? Any details you can provide would be helpful.”</s>","

“I’m curious about the person in the image. Can you tell me more about them? What are they doing in the photo? Are they famous or well-known in any way? I’m interested in learning more about them.”</s>","

“I am a person who is interested in learning about the world and its various cultures. I believe that education is important and that everyone should have access to it. I also believe that it is important to be open-minded and respectful of different perspectives and beliefs. I enjoy reading and writing, and I find it to be a great way to explore new ideas and pers","

“I’m a person who is interested in technology and I’m looking for a way to learn more about it. I’m not sure where to start, but I’m open to suggestions. Can you help me out? Thanks.”</s>","

“I’m a person who is interested in technology and I’m looking for a way to learn more about it. I’m not sure where to start, but I’m open to suggestions. Can you help me out? Thanks.”</s>","

You asked me to describe a person who is not present in the image. You want me to describe a person who is not visible in the image. Is that correct?</s>","

You asked me to describe a person who is not present in the image. You want me to describe a person who is not in the image. Is that correct?</s>","

You asked me to describe a person who is not present in the image. You want me to describe a person who is not in the image. Is that correct?</s>","

You asked me to summarize the message you sent me. Is that correct?</s>","

You asked me to summarize the message you sent me. Is that correct?</s>","

You wrote:

“I’m just a simple man who enjoys the finer things in life, like a good cup of coffee and a comfortable chair. I don’t need much, just enough to get by. But sometimes, I feel like I’m missing out on something. Like there’s something more out there, something that I’m not experiencing. Maybe","

You mentioned that you are a software engineer and you are interested in learning more about blockchain technology. You are looking for resources to help you get started with blockchain development. You are also interested in learning about smart contracts and how they can be used in the real world.

If you have any specific questions or need further assistance, feel free to ask!</s>","

You wrote:

“I’m sorry, I didn’t understand your question. Could you please rephrase it or provide more context? I’m here to help if I can.”

Is that correct?</s>","

You wrote:

“I’m sorry, I didn’t understand your question. Could you please rephrase it or provide more context? I’m here to help if I can.”

Is that correct?</s>","

You wrote:

“I’m sorry, I didn’t understand your question. Could you please rephrase it or provide more context? I’m here to help if I can.”

Is that correct?</s>","

You wrote:

“I’m sorry, I didn’t understand your question. Could you please rephrase it or provide more context? I’m here to help if I can.”

Is there anything else I can assist you with?</s>","

You wrote:

“I’m sorry, I didn’t understand your question. Could you please rephrase it or provide more context? I’m here to help if I can.”

I’m here to help if I can.</s>","

You wrote:

“I’m sorry, I didn’t understand your message. Could you please rephrase it or provide more context? I’m here to help if I can.”</s>"
